"concept_id","concept","assessment_date","assessment_type","scoring_formula","problem","user","mechanism","innovation","data","demo","impact","implementation_estimate","major_risk","why_memorable","evidence_assumptions_notes","score_rationale","innovation_creativity_potential","impact_relevance_potential","execution_technical_quality_potential","presentation_communication_potential","gallery_originality","wow","feasibility_before_Oct19","real_data_availability","measurable_results","visual_demo","robustness","technical_depth","social_relevance","judge_understandability","reproducibility","live_demo_reliability","explain_under_30_seconds","failure_risk","paid_api_dependence","score_numerator","total_exact","total_0_10","rank"
"1","Microscopy count stress test","2026-10-10","retrospective subjective potential screening; not prebuild or judge/outcome evidence","0.2*(I+Im+Ex+Pr)+(1/75)*(sum(13 positive strategic scores)+(10-failure_risk)+(10-paid_api_dependence)); I/Im/Ex/Pr are four potential criteria, each 0-10","Image degradation can shift nuclei counts without an obvious warning.","Biology learners checking automated microscopy counts.","Blur/noise/intensity sweeps; plot count drift against a fixed-threshold baseline.","An understandable failure-threshold audit; robustness testing itself is established.","BBBC039 v1 annotated fields and official splits, documented in S21; no new sweep validation.","Degrade a bundled field until its count changes, then expose the affected regions.","Potentially teach when a count deserves checking; learning or time savings unknown.","3-5 focused engineering days; sweep UI and bounded benchmark, not a new segmenter.","Stable but wrong counts and artificial degradation may defeat the reliability story.","A visually plausible field loses nuclei before the viewer notices the blur.","S21-S24,S36 establish data/task context, not this stress-test outcome; useful degradation realism unknown.","Execution/data/demo strong for a bounded experiment; novelty and beneficiary effect modest; risk3 reflects scope, not validated safety.","6","6","8","9","8","8","8","9","8","9","7","7","6","9","9","8","9","3","0","557","557/75","7.426667","6"
"2","Wheelchair data confidence auditor","2026-10-10","retrospective subjective potential screening; not prebuild or judge/outcome evidence","0.2*(I+Im+Ex+Pr)+(1/75)*(sum(13 positive strategic scores)+(10-failure_risk)+(10-paid_api_dependence)); I/Im/Ex/Pr are four potential criteria, each 0-10","Missing accessibility tags can make a route look more trustworthy than it is.","Local accessibility mappers and wheelchair-route reviewers.","Route evidence-completeness scoring; show unknown separately from inaccessible.","Explicit evidence gaps may improve audit workflow; wheelchair routing audits are prior art.","OSM tags/terms documented S17-S20; local coverage and field truth unknown.","A route stays connected while missing kerb evidence turns its confidence indicator unknown.","Potentially direct mapping effort; safer travel and user benefit unproven.","4-7 days for one district extract and audit UI; field validation time unknown.","Tag completeness is not physical accessibility and may create false reassurance.","The fastest route visibly has the weakest supporting evidence.","S16 motivates access needs; S18 is direct prior art; S19-S20 constrain data use; no local audit.","High social need; prior art lowers innovation, missing ground truth lowers robustness and execution.","5","8","6","7","7","6","6","6","6","7","5","6","9","8","7","7","8","6","0","492","492/75","6.560000","22"
"3","Heat-plan resource allocator","2026-10-10","retrospective subjective potential screening; not prebuild or judge/outcome evidence","0.2*(I+Im+Ex+Pr)+(1/75)*(sum(13 positive strategic scores)+(10-failure_risk)+(10-paid_api_dependence)); I/Im/Ex/Pr are four potential criteria, each 0-10","Limited cooling resources may leave vulnerable areas underserved.","Municipal heat-planning teams exploring allocation tradeoffs.","Robust location-allocation under uncertain population/heat; compare nearest-site baseline.","Uncertainty/fairness tradeoff explanation; generic robust cooling allocation is established.","IMD guidance S4-S9 and WorldPop S14; historical access, local sites and vulnerability labels unknown.","Vary demand uncertainty and watch a cooling-site plan and worst-case coverage change.","Potentially expose modeled equity tradeoffs; fewer heat injuries not established.","4-7 days for bounded scenario solver/map; operational planning and validation excluded.","Dated population and coarse hazards can make an optimal plan misleading.","The seemingly best site changes when the input uncertainty is exposed.","S32-S35 directly overlap the method; S14 licenses modeled data, not local effectiveness; no outcome evaluation.","Impact/demo potential high; innovation5 due direct prior art; data6 denotes documented inputs, not a complete local package.","5","9","7","9","6","8","7","6","7","9","6","8","10","8","8","8","8","5","0","564","564/75","7.520000","3"
"4","Food-tray waste estimator","2026-10-10","retrospective subjective potential screening; not prebuild or judge/outcome evidence","0.2*(I+Im+Ex+Pr)+(1/75)*(sum(13 positive strategic scores)+(10-failure_risk)+(10-paid_api_dependence)); I/Im/Ex/Pr are four potential criteria, each 0-10","Kitchens lack meal-specific signals about edible leftovers.","School kitchen staff planning portions.","Before/after plate segmentation; compare image estimates with weighed leftovers.","Food-category feedback tied to measurement; segmentation is established.","Consented matched plate images and weights unknown; S10 is not a food-waste dataset.","Compare a tray image with its measured leftover weight and category estimate.","Potentially inform portions; reduced waste and cost unknown.","6-10 days plus consented collection; a labeled-tray demo is smaller than kitchen validation.","Plate variation, missing weights and people in photographs.","Two similar-looking trays reveal different measured waste categories.","S10 offers consumption definitions only; MessWise has portion-planning overlap in matrix; data/validation unknown.","Demo legibility helps presentation; required collection lowers feasibility4, data3 and measurable_results4.","5","7","5","8","5","7","4","3","4","9","4","6","8","9","5","6","9","7","0","467","467/75","6.226667","25"
"5","Water-network leak localizer","2026-10-10","retrospective subjective potential screening; not prebuild or judge/outcome evidence","0.2*(I+Im+Ex+Pr)+(1/75)*(sum(13 positive strategic scores)+(10-failure_risk)+(10-paid_api_dependence)); I/Im/Ex/Pr are four potential criteria, each 0-10","Locating pipe leaks from sparse acoustic sensors is difficult.","Water-utility technicians exploring leak-search hypotheses.","Time-delay correlation across sensors; compare localization error with a single-sensor baseline.","Inspectable signal-to-location explanation; acoustics/correlation are established.","Licensed multi-sensor leak recordings, sensor geometry and physical validation unknown.","Move a simulated leak and compare measured delays with predicted location.","Potentially narrow a search area; water or labor savings unproven.","5-8 days for simulator/correlation UI; realistic recording access may exceed the window.","A simulation generated by the same assumptions can appear correct by construction.","One pulse becomes a location as the sensor delays line up.","No numbered source establishes the required recordings; AquaGuard is water-theme overlap, not the same mechanism.","Visible depth/wow high; real_data3 and risk7 reflect unresolved physics and data; all accuracy unknown.","7","7","6","9","8","9","5","3","5","9","4","9","8","8","6","7","8","7","0","537","537/75","7.160000","12"
"6","Solar output fault explainer","2026-10-10","retrospective subjective potential screening; not prebuild or judge/outcome evidence","0.2*(I+Im+Ex+Pr)+(1/75)*(sum(13 positive strategic scores)+(10-failure_risk)+(10-paid_api_dependence)); I/Im/Ex/Pr are four potential criteria, each 0-10","Solar underperformance can have multiple explanations.","Small photovoltaic-system operators.","Weather-normalized residual decomposition into candidate fault signatures.","Show competing explanations instead of a single fault label; standard residual analysis.","Public PV/weather series and fault labels are proposed but provenance/alignment unknown.","Hold weather constant and reveal a persistent output residual and alternative causes.","Potentially prioritize inspections; correct diagnoses and recovered energy unknown.","4-7 days for one time-series demonstrator; labeled fault validation additional.","Weather/model mismatch can look like a hardware fault.","The same output dip looks normal in one weather context and suspicious in another.","No numbered source verifies PV fault data; AETHER is energy-theme overlap only; labels unknown.","Offline residual UI plausible; missing labels cap data4, robustness5 and innovation6.","6","7","7","8","7","7","6","4","6","8","5","8","8","8","7","8","8","5","0","525","525/75","7.000000","15"
"7","School-bus stop fairness optimizer","2026-10-10","retrospective subjective potential screening; not prebuild or judge/outcome evidence","0.2*(I+Im+Ex+Pr)+(1/75)*(sum(13 positive strategic scores)+(10-failure_risk)+(10-paid_api_dependence)); I/Im/Ex/Pr are four potential criteria, each 0-10","Bus stops trade walking burden, capacity and unequal access.","School-district transport planners.","Capacitated facility location with walking/equity constraints; compare current and greedy layouts.","Explain who benefits and loses under constraints; facility location is established.","School stops, consented demand and walk network unknown; S11-S15 describe public transit, not pupil records.","Add a capacity or equity constraint and show the stops move with burden distributions.","Potentially improve modeled walking fairness; attendance and safety gains unproven.","4-7 days for a small synthetic-demand optimizer; school validation unknown.","Straight-line distances and simulated pupils may misrepresent safe walking.","A cheaper plan is exposed as placing nearly all extra walking on one group.","S11-S13 include access restrictions; S15 is a format reference only; ClearRoute/SwasthSetu are thematic allocation neighbors.","Social/demo potential high; real_data3, feasibility6 and risk5 keep school realism unresolved.","6","8","7","9","7","8","6","3","6","9","6","8","9","8","7","8","9","5","0","559","559/75","7.453333","4"
"8","Wildfire smoke classroom scheduler","2026-10-10","retrospective subjective potential screening; not prebuild or judge/outcome evidence","0.2*(I+Im+Ex+Pr)+(1/75)*(sum(13 positive strategic scores)+(10-failure_risk)+(10-paid_api_dependence)); I/Im/Ex/Pr are four potential criteria, each 0-10","Outdoor school schedules may ignore uncertain smoke exposure.","School activity coordinators.","Combine public air forecasts with indoor/outdoor scheduling scenarios and forecast-error checks.","Expose scheduling tradeoffs; AQI and alert products already exist.","Licensed air-quality forecast history, school inputs and sensor truth unknown.","Show exposure scenarios when an outdoor lesson moves to a different hour.","Potentially explain exposure tradeoffs; safer activity or health benefit unknown.","4-7 days for scenario UI plus feed adapter; health validation excluded.","Uncalibrated forecasts and indoor assumptions invite unsafe recommendations.","The same lesson time carries different modeled exposure under a forecast change.","No numbered source verifies air data; NewsBridge/FloodSense cover alerts; any paid feed is unknown.","Low gallery novelty4 and robustness5; paid_api_dependence2 allows an optional feed risk, not known billing.","4","8","6","8","4","6","6","4","4","8","5","6","9","9","6","6","9","6","2","484","484/75","6.453333","24"
"9","Sign-language lesson latency coach","2026-10-10","retrospective subjective potential screening; not prebuild or judge/outcome evidence","0.2*(I+Im+Ex+Pr)+(1/75)*(sum(13 positive strategic scores)+(10-failure_risk)+(10-paid_api_dependence)); I/Im/Ex/Pr are four potential criteria, each 0-10","Delayed or unreliable signing feedback can interrupt practice.","Sign-language learners practicing a narrowly defined phrase set.","On-device hand-pose temporal alignment against a small phrase grammar.","Explain timing mismatches; recognition/alignment are established and linguistic novelty unknown.","Diverse consented recordings, sign-language validity and labels unknown.","Align a learner recording with a vetted reference and point to a timing mismatch.","Potentially aid practice; language competence and accessibility benefit unproven.","7-12 days plus linguistic review/collection; a tiny phrase demo is not general sign recognition.","Hand-only features miss facial/body grammar and can teach incorrect signing.","A feedback delay becomes a visible timeline gap the learner can inspect.","No numbered source verifies sign data; SpeechTrace/NeuroFlex have alignment/motion feedback overlap.","Visual wow9 but collection/linguistic risk8; feasibility4, data3 and execution5 are constrained.","6","8","5","9","6","9","4","3","4","10","4","8","9","8","5","6","8","8","0","516","516/75","6.880000","18"
"10","Curb-ramp audit prioritizer","2026-10-10","retrospective subjective potential screening; not prebuild or judge/outcome evidence","0.2*(I+Im+Ex+Pr)+(1/75)*(sum(13 positive strategic scores)+(10-failure_risk)+(10-paid_api_dependence)); I/Im/Ex/Pr are four potential criteria, each 0-10","Limited survey time may miss the most consequential curb-ramp gaps.","Civic accessibility survey teams.","Expected-information-gain ranking from OSM gaps and route centrality.","Link uncertainty to survey order; OSM/accessibility analysis is existing work.","OSM tagging documented S17-S20; local ramp condition and survey labels unknown.","Compare ranked and random survey points and reveal newly evidenced connections.","Potentially target survey effort; actual coverage and user benefit unknown.","4-7 days for one-district ranker; field survey duration unknown.","Centrality is not user need, and a missing tag is not a missing ramp.","One verified curb opens an apparently disconnected destination.","S16-S20 establish context/prior art/terms, not this ranking advantage; no field validation.","Data6 means obtainable map structure, not ramp truth; high relevance with moderate robustness and risk6.","6","8","6","8","7","7","6","6","6","8","5","8","9","8","7","8","8","6","0","527","527/75","7.026667","14"
"11","Cold-chain excursion detector","2026-10-10","retrospective subjective potential screening; not prebuild or judge/outcome evidence","0.2*(I+Im+Ex+Pr)+(1/75)*(sum(13 positive strategic scores)+(10-failure_risk)+(10-paid_api_dependence)); I/Im/Ex/Pr are four potential criteria, each 0-10","Donated-food temperature traces may hide storage excursions.","Food-bank cold-storage staff.","Change-point detection versus thresholds; explore remaining-window estimates with explicit limits.","Detection-delay explanation; standard time-series methods.","Labeled food-bank traces and authoritative food-specific safe-window models unknown.","A slow temperature rise is flagged before a fixed threshold in a labeled or synthetic trace.","Potentially improve detection; less spoilage or food safety not established.","4-7 days for trace replay and comparison; food-specific validation beyond MVP.","A numerical safe window could be mistaken for a food-safety guarantee.","A gentle drift reveals an excursion hidden by a coarse threshold.","No numbered source verifies traces or safety models; SwasthSetu is logistics-theme overlap.","Social relevance9 and simple explanation9; data3 and risk6 constrain safety/impact evidence.","6","8","7","8","7","7","6","3","5","8","5","7","9","9","7","8","9","6","0","539","539/75","7.186667","11"
"12","River gauge anomaly forecaster","2026-10-10","retrospective subjective potential screening; not prebuild or judge/outcome evidence","0.2*(I+Im+Ex+Pr)+(1/75)*(sum(13 positive strategic scores)+(10-failure_risk)+(10-paid_api_dependence)); I/Im/Ex/Pr are four potential criteria, each 0-10","Faulty river sensors may appear to signal real hazards.","Community river monitors.","Physics-informed plausibility tests against seasonal/threshold baselines.","Distinguish sensor faults from events; anomaly detection itself is established.","Licensed station history and independently labeled sensor faults unknown.","Inject a documented synthetic jump and explain its inconsistency with neighboring readings.","Potentially reduce unnecessary investigations; hazard detection improvement unknown.","5-8 days for station replay and detector; reliable fault labels additional.","A real extreme can be rejected as a sensor fault.","A dramatic gauge spike becomes a suspect measurement rather than a hazard claim.","No numbered source verifies river labels; FloodSense creates direct river-intelligence theme overlap.","Gallery originality4; data3, risk6 and reliability7 distinguish deterministic replay from trusted field decisions.","5","8","6","8","4","7","5","3","5","8","5","7","9","8","6","7","8","6","0","501","501/75","6.680000","20"
"13","Medication label accessibility verifier","2026-10-10","retrospective subjective potential screening; not prebuild or judge/outcome evidence","0.2*(I+Im+Ex+Pr)+(1/75)*(sum(13 positive strategic scores)+(10-failure_risk)+(10-paid_api_dependence)); I/Im/Ex/Pr are four potential criteria, each 0-10","OCR mistakes can alter medication-label instructions.","Low-vision label readers and accessibility reviewers.","OCR plus layout/consistency checks and abstention; compare character/field error.","Expose uncertainty and abstain; OCR/accessibility tools are established.","Licensed label-image corpus, languages and verified transcription unknown.","A doubtful dose string is highlighted for source comparison rather than accepted.","Potentially make transcription uncertainty accessible; medical benefit unproven.","5-9 days for constrained transcription audit; deployment for patients requires more validation.","Confident OCR errors or omitted instructions can cause harmful reliance.","One uncertain character stops an apparently clean instruction from being trusted.","No numbered source validates label data; MediCheck directly overlaps document/medication assistance.","High need9 but robustness3 and risk8; gallery originality4 reflects current medical-document pitches.","5","9","5","8","4","8","5","3","5","9","3","7","10","9","5","6","9","8","8","492","492/75","6.560000","22"
"14","Power outage restoration simulator","2026-10-10","retrospective subjective potential screening; not prebuild or judge/outcome evidence","0.2*(I+Im+Ex+Pr)+(1/75)*(sum(13 positive strategic scores)+(10-failure_risk)+(10-paid_api_dependence)); I/Im/Ex/Pr are four potential criteria, each 0-10","Repair order changes when essential services regain power.","Community coordinators learning restoration tradeoffs.","Graph/crew scheduling with critical-load objectives; compare simple priority rules.","Explain interacting crew/network constraints; optimization novelty and real-world edge unknown.","Authorized grid topology, crew constraints and outage labels unknown; toy graphs must be labeled synthetic.","Remove an edge and compare two crew schedules and modeled essential-service downtime.","Potentially clarify modeled restoration tradeoffs; faster actual restoration unproven.","4-7 days for small educational simulator; utility-grade modeling excluded.","Synthetic topology omits electrical constraints and can overstate feasible restoration.","An unintuitive repair restores two essential services sooner than the obvious first repair.","No numbered source verifies grid data or method originality; Aegis/ClearRoute are coordination neighbors.","Innovation7 is workflow conjecture, not discovered new optimization; depth9/demo10 offset data3, risk5.","7","8","7","9","8","9","6","3","6","10","6","9","9","9","8","9","9","5","0","581","581/75","7.746667","1"
"15","Public-space noise source mapper","2026-10-10","retrospective subjective potential screening; not prebuild or judge/outcome evidence","0.2*(I+Im+Ex+Pr)+(1/75)*(sum(13 positive strategic scores)+(10-failure_risk)+(10-paid_api_dependence)); I/Im/Ex/Pr are four potential criteria, each 0-10","Aggregate noise levels do not explain actionable sources.","Residents auditing local noise conditions.","On-device audio event classification and privacy-aware aggregation.","Link sources to local patterns; audio classifiers and maps are established.","Licensed audio corpus, local recordings and trustworthy source labels unknown.","Compare two equal loudness readings with different hypothesized event categories.","Potentially focus discussions about noise; reduced exposure or validated attribution unknown.","5-9 days plus local collection/privacy review.","Recorded speech/privacy and domain shift undermine trustworthy source attribution.","The same decibel level resolves into different candidate causes.","No numbered source verifies audio dataset; local benefit and anonymity unknown.","Depth8 but robustness4; collection, privacy and browser microphone variability lower reliability6.","6","7","6","8","7","7","5","3","5","8","4","8","7","8","6","6","8","6","0","501","501/75","6.680000","20"
"16","Library demand-aware book transfer","2026-10-10","retrospective subjective potential screening; not prebuild or judge/outcome evidence","0.2*(I+Im+Ex+Pr)+(1/75)*(sum(13 positive strategic scores)+(10-failure_risk)+(10-paid_api_dependence)); I/Im/Ex/Pr are four potential criteria, each 0-10","Uneven book stocks leave requests unmet across libraries.","Library-network inventory staff.","Min-cost inventory flow with circulation/travel constraints versus greedy transfers.","Explain constrained transfers; network-flow allocation is established.","Public branch inventories, holds and circulation records unknown.","One transfer chain fills multiple simulated requests without increasing stock.","Potentially improve modeled fulfillment; reader benefit and operating savings unknown.","3-5 days for synthetic inventories/solver; library integration excluded.","Synthetic demand may miss availability, timing and transport constraints.","A three-branch exchange serves more requests than an obvious direct transfer.","No numbered source verifies inventory data; SwasthSetu already describes redistribution via min-cost flow.","Execution8/reliability9 for bounded solver; data2 and modest novelty5/impact6 limit the pitch.","5","6","8","8","7","6","8","2","6","8","7","7","7","9","8","9","9","4","0","514","514/75","6.853333","19"
"17","Flood evacuation bottleneck simulator","2026-10-10","retrospective subjective potential screening; not prebuild or judge/outcome evidence","0.2*(I+Im+Ex+Pr)+(1/75)*(sum(13 positive strategic scores)+(10-failure_risk)+(10-paid_api_dependence)); I/Im/Ex/Pr are four potential criteria, each 0-10","Evacuation routes lose capacity under uncertain closures.","Planners learning network bottlenecks.","Dynamic flow with staged closures/shelter limits versus shortest-path baseline.","Expose capacity-driven reversals; evacuation flow modeling is established.","Licensed roads may be obtainable; shelter capacity, traffic and observed evacuation truth unknown.","Close a bridge and show queuing/clearance changes across explicit synthetic scenarios.","Potentially teach bottleneck behavior; safe routes or lives saved unproven.","4-7 days for small graph scenarios; calibrated evacuation model excluded.","Incorrect behavior/traffic assumptions could look like safe evacuation advice.","The shortest route visibly produces the slowest modeled clearance.","No numbered source verifies evacuation inputs; FloodSense/NewsBridge/ClearRoute create strong theme overlap.","Demo10/depth9 and relevance10 are potential; gallery originality4, data3, robustness5 and risk6 constrain claims.","6","8","7","9","4","9","6","3","6","10","5","9","10","8","7","9","9","6","0","559","559/75","7.453333","4"
"18","Microplastic sample image counter","2026-10-10","retrospective subjective potential screening; not prebuild or judge/outcome evidence","0.2*(I+Im+Ex+Pr)+(1/75)*(sum(13 positive strategic scores)+(10-failure_risk)+(10-paid_api_dependence)); I/Im/Ex/Pr are four potential criteria, each 0-10","Manual microplastic particle counts can be inconsistent.","Community sample-imaging labs.","Image processing separates fibers/particles with count/size uncertainty.","Inspectable classification uncertainty; image counting itself is established.","Licensed annotated sample microscopy and expert particle definitions unknown.","A sample overlay exposes fiber-versus-particle ambiguity and count sensitivity.","Potentially standardize review; better pollution estimates unproven.","5-9 days plus annotated data/expert review.","Image appearance cannot verify chemical identity and may count nonplastic debris.","One apparent particle becomes an ambiguous fiber when the evidence is exposed.","No numbered source verifies microplastic annotations; ARCS shares plastic theme, not this mechanism.","Gallery originality8 and visual demo9; real_data2, measurable_results4 and risk7 reflect missing labels.","6","8","6","9","8","8","5","2","4","9","4","7","9","9","5","8","9","7","0","535","535/75","7.133333","13"
"19","Accessible chart sonifier","2026-10-10","retrospective subjective potential screening; not prebuild or judge/outcome evidence","0.2*(I+Im+Ex+Pr)+(1/75)*(sum(13 positive strategic scores)+(10-failure_risk)+(10-paid_api_dependence)); I/Im/Ex/Pr are four potential criteria, each 0-10","Blind students cannot directly inspect trends in static chart images.","Blind students and accessible-material reviewers.","Extract geometry into navigable audio/tactile encodings; compare value recovery and task time.","Inspectable geometry-to-cue mapping; prior-art completeness unknown.","Chart corpus, extraction truth and consented participant observations unknown.","Navigate a chart trend through pitch/time and recover a marked value.","Potentially improve access; comprehension or task-time benefit unproven.","5-8 days for a narrow chart type and audio navigation; participant evaluation additional.","Perceptual encoding may confuse users even if geometry is correct.","A trend becomes audible before the chart image is shown.","S16 supports broad disability context only; no source establishes chart-specific need/benefit or novel sonification.","Innovation7/wow9 are conjectural; execution6, data4 and risk6 reflect extraction and usability unknowns.","7","8","6","9","8","9","6","4","5","9","5","8","9","8","6","8","8","6","0","557","557/75","7.426667","6"
"20","Local-language emergency bulletin consistency checker","2026-10-10","retrospective subjective potential screening; not prebuild or judge/outcome evidence","0.2*(I+Im+Ex+Pr)+(1/75)*(sum(13 positive strategic scores)+(10-failure_risk)+(10-paid_api_dependence)); I/Im/Ex/Pr are four potential criteria, each 0-10","Translated alerts can change numbers, places or negation.","Emergency bulletin editors.","Constrained parallel-text consistency checks with source spans.","Detect specific discrepancies rather than generating alerts; general alignment is established.","Licensed parallel bulletins and independently adjudicated errors unknown.","A changed time or negation is highlighted beside the original bulletin.","Potentially catch editorial errors; safer response or translation accuracy unproven.","3-6 days for constrained text checks; multilingual validation additional.","Passing simple checks may conceal a dangerous semantic mistranslation.","A single missing negation changes the alert while its location and numbers still match.","No numbered source verifies parallel corpus; NewsBridge directly overlaps translated emergency alerts.","Feasibility7 and explanation9 support bounded rules; originality4 and data3 cap differentiation/evidence.","5","8","7","8","4","7","7","3","5","8","5","7","9","9","7","8","9","6","0","522","522/75","6.960000","17"
"21","Public procurement anomaly network","2026-10-10","retrospective subjective potential screening; not prebuild or judge/outcome evidence","0.2*(I+Im+Ex+Pr)+(1/75)*(sum(13 positive strategic scores)+(10-failure_risk)+(10-paid_api_dependence)); I/Im/Ex/Pr are four potential criteria, each 0-10","Related procurement awards can escape single-record inspection.","Public-interest procurement analysts.","Entity resolution and graph outlier ranking with explainable links.","Network-level case exploration; anomaly detection and entity resolution are established.","Licensed award records, verified entities and adjudicated cases unknown.","Inspect a flagged network and distinguish observed links from speculative interpretations.","Potentially prioritize document review; misconduct detection and public savings unproven.","5-9 days for constrained graph explorer; legal/case validation additional.","False entity matches or allegations can harm people and organizations.","A cluster hidden across individual awards appears through shared identifiers.","No numbered source establishes adjudicated cases; graph pattern is not evidence of wrongdoing.","Depth9/wow9 but measurable_results3, data3 and risk8 penalize weak ground truth and serious false positives.","7","8","6","9","8","9","5","3","3","9","4","9","9","7","5","7","8","8","0","548","548/75","7.306667","10"
"22","Classroom air-ventilation experiment kit","2026-10-10","retrospective subjective potential screening; not prebuild or judge/outcome evidence","0.2*(I+Im+Ex+Pr)+(1/75)*(sum(13 positive strategic scores)+(10-failure_risk)+(10-paid_api_dependence)); I/Im/Ex/Pr are four potential criteria, each 0-10","Classroom CO2 traces are hard to turn into interpretable experiments.","Teachers conducting ventilation demonstrations.","Fit room-response dynamics and compare controlled interventions.","Expose fitted assumptions and response curves; system identification is established.","Sensor access, calibration, room traces and controlled experiments unknown.","Open a window and compare observed decay with a fitted response and uncertainty.","Potentially teach ventilation dynamics; infection-risk reduction unproven.","4-7 days plus hardware/trials; replay-only demonstrator smaller.","Occupancy/mixing confounds and sensor drift distort inferred ventilation.","A room response curve changes after an intervention instead of showing only a CO2 number.","No numbered source verifies sensor data; CO2 is not a direct infection-risk measure.","Presentation9/relevance9 but data3/feasibility5; risk6 includes experimental confounding, not only software failure.","6","8","7","9","7","8","5","3","5","9","6","8","9","9","7","8","9","6","0","557","557/75","7.426667","6"
"23","Crop irrigation leak and stress distinction","2026-10-10","retrospective subjective potential screening; not prebuild or judge/outcome evidence","0.2*(I+Im+Ex+Pr)+(1/75)*(sum(13 positive strategic scores)+(10-failure_risk)+(10-paid_api_dependence)); I/Im/Ex/Pr are four potential criteria, each 0-10","Low soil moisture can come from several different causes.","Small farms exploring leak versus plant-stress hypotheses.","Fuse soil/weather/image evidence and compare with single-sensor thresholds.","Expose competing causes; sensor fusion is established.","Calibrated crop-specific field traces, images and cause labels unknown.","Two similar moisture drops suggest different explanations with supporting signals.","Potentially prioritize checks; improved yield or water savings unproven.","7-12 days plus field collection/calibration; reliable farm validation unlikely within a small MVP.","Crop/domain changes and confounded sensors make explanations unreliable.","The same dry sensor trace is explained differently when plant/weather evidence is added.","No numbered source verifies labeled fields; Agresental directly overlaps irrigation telemetry.","Wow9 but feasibility3/data2/measurable_results3 and risk8 dominate the implementation uncertainty.","7","8","5","9","6","9","3","2","3","9","3","8","9","8","4","5","8","8","0","524","524/75","6.986667","16"
"24","Community map data-change impact simulator","2026-10-10","retrospective subjective potential screening; not prebuild or judge/outcome evidence","0.2*(I+Im+Ex+Pr)+(1/75)*(sum(13 positive strategic scores)+(10-failure_risk)+(10-paid_api_dependence)); I/Im/Ex/Pr are four potential criteria, each 0-10","Map edits can silently disconnect important destinations.","OSM contributors reviewing routing changes.","Graph-diff finds connectivity regressions and attributes them to changed edges.","An inspectable edit-to-consequence workflow; graph-diff/routing novelty unestablished.","OSM tags/terms S17-S20; suitable extracts plausible, actual damaging edits and local outcomes unknown.","Replay a seeded edit and show the affected destination and responsible edge.","Potentially prevent review oversights; real travel harm avoided unproven.","3-5 days for bounded graph-diff fixtures and explanation; production editor integration excluded.","Seeded regressions may miss legal restrictions, directionality or real routing failures.","One innocuous edge edit visibly disconnects an essential destination.","S17,S19-S20 support map semantics/access constraints; no verified real regression corpus; RepoScope/Nexora are thematic change-impact neighbors.","Execution8, feasibility8/reproducibility9 reflect deterministic scope; data6 is graph availability, not impact labels; risk3 assumes educational replay.","7","7","8","8","8","8","8","6","8","9","7","8","8","9","9","9","9","3","0","573","573/75","7.640000","2"
"25","Lab image segmentation reliability audit","2026-10-10","retrospective subjective potential screening; not prebuild or judge/outcome evidence","0.2*(I+Im+Ex+Pr)+(1/75)*(sum(13 positive strategic scores)+(10-failure_risk)+(10-paid_api_dependence)); I/Im/Ex/Pr are four potential criteria, each 0-10","Average segmentation accuracy hides which counts deserve inspection.","Microscopy learners and researchers reviewing nuclei masks.","Object-instability review ranking with competing local masks and an auditable correction trail.","Count-relevant alternatives and provenance as a workflow; uncertainty/graphs/editing are prior art.","BBBC039 S21/S36 supports annotated evaluation; BBBC038 S38 has source-dependence caveats.","Inspect a merge/split or same-total mask alternative; confirm, undo and inspect its audit.","Potentially concentrate review on count errors; human effort and biological benefit remain unmeasured.","4-7 days for a narrow greenfield review MVP; full current build is not credited as zero effort.","Stable wrong masks, source dependence and unmeasured reviewer advantage; graph superiority gate failed.","A matching total hides different objects, then a reversible mask decision exposes the difference.","S21,S24-S31,S36-S38,S40-S46 establish data/prior art, not superiority; JUDGE_SCORECARD records failed graph/NNLS gates and no human study.","Data9/reproducibility9 acknowledge documented benchmarks; innovation6/impact6 reflect mature prior art and unknown human benefit; no build-based uplift.","6","6","8","9","8","8","8","9","8","9","6","8","7","8","9","8","8","4","0","555","555/75","7.400000","9"
