mask_sha256_uint32_le,label,area_px,centroid_x_px,centroid_y_px,grid_edge_perimeter_px,bbox_min_x,bbox_min_y,bbox_max_x_exclusive,bbox_max_y_exclusive,touches_image_border
105c5e0c14c0adff9be857b2439d354dc7f70007d825475d44a2c12bfc4981a2,1,285,118.37368421052632,4.510526315789473,90,102,0,136,11,1
105c5e0c14c0adff9be857b2439d354dc7f70007d825475d44a2c12bfc4981a2,2,437,224.51601830663617,10.70137299771167,112,207,1,243,20,0
105c5e0c14c0adff9be857b2439d354dc7f70007d825475d44a2c12bfc4981a2,3,843,46.330367734282326,21.709964412811388,144,31,2,63,42,0
105c5e0c14c0adff9be857b2439d354dc7f70007d825475d44a2c12bfc4981a2,4,515,280.6067961165049,17.686407766990293,110,268,3,293,33,0
105c5e0c14c0adff9be857b2439d354dc7f70007d825475d44a2c12bfc4981a2,5,383,397.8759791122715,37.27284595300261,90,388,25,408,50,0
105c5e0c14c0adff9be857b2439d354dc7f70007d825475d44a2c12bfc4981a2,6,333,404.7942942942943,19.923423423423422,110,392,6,417,33,0
105c5e0c14c0adff9be857b2439d354dc7f70007d825475d44a2c12bfc4981a2,7,530,125.95094339622642,43.87924528301887,108,114,30,139,59,0
105c5e0c14c0adff9be857b2439d354dc7f70007d825475d44a2c12bfc4981a2,8,465,91.82688172043011,45.201075268817206,102,80,32,104,59,0
105c5e0c14c0adff9be857b2439d354dc7f70007d825475d44a2c12bfc4981a2,9,511,452.793542074364,59.58610567514677,106,442,44,465,73,0
105c5e0c14c0adff9be857b2439d354dc7f70007d825475d44a2c12bfc4981a2,10,167,3.194610778443114,66.13473053892216,76,0,52,8,82,1
105c5e0c14c0adff9be857b2439d354dc7f70007d825475d44a2c12bfc4981a2,11,447,411.5,62.99440715883669,94,397,53,424,73,0
105c5e0c14c0adff9be857b2439d354dc7f70007d825475d44a2c12bfc4981a2,12,591,221.9906937394247,82.21404399323181,114,208,68,237,96,0
105c5e0c14c0adff9be857b2439d354dc7f70007d825475d44a2c12bfc4981a2,13,584,214.61986301369862,106.23458904109589,124,201,89,230,122,0
105c5e0c14c0adff9be857b2439d354dc7f70007d825475d44a2c12bfc4981a2,14,521,53.68426103646833,85.51151631477927,104,42,71,65,100,0
105c5e0c14c0adff9be857b2439d354dc7f70007d825475d44a2c12bfc4981a2,15,1357,112.22512896094325,106.38061901252763,188,91,81,134,132,0
105c5e0c14c0adff9be857b2439d354dc7f70007d825475d44a2c12bfc4981a2,16,446,451.04484304932737,108.8609865470852,98,441,95,462,123,0
105c5e0c14c0adff9be857b2439d354dc7f70007d825475d44a2c12bfc4981a2,17,614,183.17752442996743,126.25407166123779,116,171,109,195,143,0
105c5e0c14c0adff9be857b2439d354dc7f70007d825475d44a2c12bfc4981a2,18,565,244.05752212389382,123.7,110,229,111,259,136,0
105c5e0c14c0adff9be857b2439d354dc7f70007d825475d44a2c12bfc4981a2,19,174,3.045977011494253,126.51149425287356,72,0,112,6,142,1
105c5e0c14c0adff9be857b2439d354dc7f70007d825475d44a2c12bfc4981a2,20,604,16.68211920529801,131.05298013245033,114,6,113,31,145,0
105c5e0c14c0adff9be857b2439d354dc7f70007d825475d44a2c12bfc4981a2,21,445,455.5629213483146,145.07977528089887,98,444,133,468,158,0
105c5e0c14c0adff9be857b2439d354dc7f70007d825475d44a2c12bfc4981a2,22,533,126.78893058161351,165.40056285178235,120,114,147,139,182,0
105c5e0c14c0adff9be857b2439d354dc7f70007d825475d44a2c12bfc4981a2,23,660,305.06969696969696,165.1590909090909,120,291,151,319,181,0
105c5e0c14c0adff9be857b2439d354dc7f70007d825475d44a2c12bfc4981a2,24,487,328.4281314168378,176.5328542094456,106,317,161,342,189,0
105c5e0c14c0adff9be857b2439d354dc7f70007d825475d44a2c12bfc4981a2,25,614,253.9641693811075,171.74267100977198,114,239,158,269,185,0
105c5e0c14c0adff9be857b2439d354dc7f70007d825475d44a2c12bfc4981a2,26,563,194.40053285968028,189.43960923623445,108,182,175,207,204,0
105c5e0c14c0adff9be857b2439d354dc7f70007d825475d44a2c12bfc4981a2,27,629,64.23449920508745,201.81160572337043,116,51,186,77,218,0
105c5e0c14c0adff9be857b2439d354dc7f70007d825475d44a2c12bfc4981a2,28,1102,364.2450090744102,204.08166969147007,160,340,187,387,219,0
105c5e0c14c0adff9be857b2439d354dc7f70007d825475d44a2c12bfc4981a2,29,655,263.92748091603056,212.20381679389314,122,248,198,282,225,0
105c5e0c14c0adff9be857b2439d354dc7f70007d825475d44a2c12bfc4981a2,30,469,656.1886993603412,210.3678038379531,100,646,198,669,225,0
105c5e0c14c0adff9be857b2439d354dc7f70007d825475d44a2c12bfc4981a2,31,490,636.5020408163265,214.74081632653062,104,622,199,647,226,0
105c5e0c14c0adff9be857b2439d354dc7f70007d825475d44a2c12bfc4981a2,32,593,183.96037099494097,216.7495784148398,126,170,199,198,234,0
105c5e0c14c0adff9be857b2439d354dc7f70007d825475d44a2c12bfc4981a2,33,1093,132.37282708142726,246.7287282708143,158,113,226,150,268,0
105c5e0c14c0adff9be857b2439d354dc7f70007d825475d44a2c12bfc4981a2,34,496,658.75,239.01612903225808,106,642,229,675,249,0
105c5e0c14c0adff9be857b2439d354dc7f70007d825475d44a2c12bfc4981a2,35,648,417.73765432098764,248.3533950617284,118,404,232,431,264,0
105c5e0c14c0adff9be857b2439d354dc7f70007d825475d44a2c12bfc4981a2,36,563,239.8197158081705,248.33836589698046,110,227,234,254,262,0
105c5e0c14c0adff9be857b2439d354dc7f70007d825475d44a2c12bfc4981a2,37,689,289.61175616835993,267.0979680696662,154,270,250,311,286,0
105c5e0c14c0adff9be857b2439d354dc7f70007d825475d44a2c12bfc4981a2,38,566,635.3975265017668,271.1554770318021,116,623,255,648,288,0
105c5e0c14c0adff9be857b2439d354dc7f70007d825475d44a2c12bfc4981a2,39,585,194.19401709401708,270.35641025641024,110,180,258,210,283,0
105c5e0c14c0adff9be857b2439d354dc7f70007d825475d44a2c12bfc4981a2,40,673,561.1255572065379,271.06463595839523,128,544,258,580,286,0
105c5e0c14c0adff9be857b2439d354dc7f70007d825475d44a2c12bfc4981a2,41,728,324.2184065934066,280.2637362637363,130,308,263,339,297,0
105c5e0c14c0adff9be857b2439d354dc7f70007d825475d44a2c12bfc4981a2,42,573,65.58726003490402,294.39877835951137,122,53,276,77,313,0
105c5e0c14c0adff9be857b2439d354dc7f70007d825475d44a2c12bfc4981a2,43,815,33.2717791411043,307.0472392638037,146,23,280,44,332,0
105c5e0c14c0adff9be857b2439d354dc7f70007d825475d44a2c12bfc4981a2,44,523,213.29158699808795,295.12141491395795,106,196,285,229,305,0
105c5e0c14c0adff9be857b2439d354dc7f70007d825475d44a2c12bfc4981a2,45,615,606.5813008130082,309.5,118,595,291,618,327,0
105c5e0c14c0adff9be857b2439d354dc7f70007d825475d44a2c12bfc4981a2,46,511,498.37866927592955,305.6154598825832,104,483,296,516,315,0
105c5e0c14c0adff9be857b2439d354dc7f70007d825475d44a2c12bfc4981a2,47,226,475.7787610619469,303.16814159292034,64,467,295,483,311,0
105c5e0c14c0adff9be857b2439d354dc7f70007d825475d44a2c12bfc4981a2,48,532,138.17293233082708,337.2236842105263,120,119,323,152,350,0
105c5e0c14c0adff9be857b2439d354dc7f70007d825475d44a2c12bfc4981a2,49,437,124.3558352402746,317.870709382151,98,113,305,138,329,0
105c5e0c14c0adff9be857b2439d354dc7f70007d825475d44a2c12bfc4981a2,50,661,408.6573373676248,320.96142208774586,122,391,307,424,334,0
105c5e0c14c0adff9be857b2439d354dc7f70007d825475d44a2c12bfc4981a2,51,1293,212.9245939675174,338.3275328692962,170,189,321,240,355,0
105c5e0c14c0adff9be857b2439d354dc7f70007d825475d44a2c12bfc4981a2,52,951,671.8522607781283,348.90904311251313,156,655,327,688,371,0
105c5e0c14c0adff9be857b2439d354dc7f70007d825475d44a2c12bfc4981a2,53,673,556.4583952451709,339.51783060921247,122,537,328,575,351,0
105c5e0c14c0adff9be857b2439d354dc7f70007d825475d44a2c12bfc4981a2,54,854,61.36533957845433,364.01873536299763,140,43,347,80,380,0
105c5e0c14c0adff9be857b2439d354dc7f70007d825475d44a2c12bfc4981a2,56,177,692.861581920904,384.2570621468927,78,688,367,696,398,1
105c5e0c14c0adff9be857b2439d354dc7f70007d825475d44a2c12bfc4981a2,59,1127,123.31810115350488,415.3970718722272,168,102,399,147,436,0
105c5e0c14c0adff9be857b2439d354dc7f70007d825475d44a2c12bfc4981a2,60,455,591.2120879120879,422.48241758241755,100,581,408,601,438,0
105c5e0c14c0adff9be857b2439d354dc7f70007d825475d44a2c12bfc4981a2,61,287,690.705574912892,442.9146341463415,90,683,424,696,456,1
105c5e0c14c0adff9be857b2439d354dc7f70007d825475d44a2c12bfc4981a2,62,450,556.2666666666667,446.0777777777778,96,542,436,570,456,0
105c5e0c14c0adff9be857b2439d354dc7f70007d825475d44a2c12bfc4981a2,63,970,170.45670103092783,461.9577319587629,150,148,447,194,476,0
105c5e0c14c0adff9be857b2439d354dc7f70007d825475d44a2c12bfc4981a2,64,580,637.1206896551724,466.94310344827585,120,623,451,650,484,0
105c5e0c14c0adff9be857b2439d354dc7f70007d825475d44a2c12bfc4981a2,65,784,339.4426020408163,492.97066326530614,138,322,477,358,510,0
105c5e0c14c0adff9be857b2439d354dc7f70007d825475d44a2c12bfc4981a2,66,591,627.1818950930626,495.70642978003383,128,617,477,639,516,0
105c5e0c14c0adff9be857b2439d354dc7f70007d825475d44a2c12bfc4981a2,67,858,29.72027972027972,499.3356643356643,144,15,478,45,520,1
105c5e0c14c0adff9be857b2439d354dc7f70007d825475d44a2c12bfc4981a2,68,830,562.1855421686747,495.37590361445785,136,545,479,580,512,0
105c5e0c14c0adff9be857b2439d354dc7f70007d825475d44a2c12bfc4981a2,69,969,131.84468524251807,496.9189886480908,154,106,485,159,509,0
105c5e0c14c0adff9be857b2439d354dc7f70007d825475d44a2c12bfc4981a2,70,662,399.4365558912387,503.892749244713,120,381,492,417,516,0
105c5e0c14c0adff9be857b2439d354dc7f70007d825475d44a2c12bfc4981a2,71,345,688.1927536231884,510.1144927536232,94,675,494,696,520,1
105c5e0c14c0adff9be857b2439d354dc7f70007d825475d44a2c12bfc4981a2,72,373,450.33646112600536,512.4383378016086,102,432,500,463,520,1
105c5e0c14c0adff9be857b2439d354dc7f70007d825475d44a2c12bfc4981a2,73,190,171.30526315789473,517.0157894736842,88,150,513,187,520,1
105c5e0c14c0adff9be857b2439d354dc7f70007d825475d44a2c12bfc4981a2,74,40,498,518.25,32,492,516,504,520,1
105c5e0c14c0adff9be857b2439d354dc7f70007d825475d44a2c12bfc4981a2,75,340,464.8411764705882,358.43529411764706,82,453,349,474,369,0
105c5e0c14c0adff9be857b2439d354dc7f70007d825475d44a2c12bfc4981a2,76,459,486.05991285403053,360.5065359477124,98,474,349,502,370,0
105c5e0c14c0adff9be857b2439d354dc7f70007d825475d44a2c12bfc4981a2,77,590,553.9440677966102,384.7457627118644,120,535,373,572,396,0
